

insert into regions (id, name) values (1, 'North America');
insert into regions (id, name) values (2, 'South America');
insert into regions (id, name) values (3, 'Europe');
insert into regions (id, name) values (4, 'Asia');
insert into regions (id, name) values (5, 'Africa');
insert into regions (id, name) values (6, 'Oceania');
insert into regions (id, name) values (7, 'Antarctica');
insert into regions (id, name) values (8, 'Central America');

insert into roles (id, name) values (1, 'ROLE_ADMIN');
insert into roles (id, name) values (2, 'ROLE_USER');


INSERT INTO clients (region_id, name, last_name, email, created_at) VALUES (1, 'Sue', 'Alfa', 'sue4@gmail.com', '2018-05-01');
INSERT INTO clients (region_id, name, last_name, email, created_at) VALUES (4, 'John', 'Doe', 'john.doe@example.com', '2019-02-15');
INSERT INTO clients (region_id, name, last_name, email, created_at) VALUES (5, 'Alice', 'Smith', 'alice.smith@email.com', '2017-11-30');
INSERT INTO clients (region_id, name, last_name, email, created_at) VALUES (2, 'David', 'Johnson', 'david.johnson@domain.com', '2020-08-22');
INSERT INTO clients (region_id, name, last_name, email, created_at) VALUES (5, 'Emily', 'Brown', 'emily.brown@example.net', '2016-03-17');
INSERT INTO clients (region_id, name, last_name, email, created_at) VALUES (6, 'Michael', 'Lee', 'michael.lee@mail.com', '2018-09-05');
INSERT INTO clients (region_id, name, last_name, email, created_at) VALUES (7, 'Jennifer', 'Wilson', 'jennifer.wilson@site.org', '2019-04-12');
INSERT INTO clients (region_id, name, last_name, email, created_at) VALUES (3, 'Robert', 'Garcia', 'robert.garcia@webmail.com', '2017-07-29');
INSERT INTO clients (region_id, name, last_name, email, created_at) VALUES (1, 'Sarah', 'Martinez', 'sarah.martinez@home.net', '2018-06-10');
INSERT INTO clients (region_id, name, last_name, email, created_at) VALUES (3, 'William', 'Lopez', 'william.lopez@example.com', '2017-12-03');
INSERT INTO clients (region_id, name, last_name, email, created_at) VALUES (8, 'Karen', 'Harris', 'karen.harris@domain.org', '2019-01-14');
INSERT INTO clients (region_id, name, last_name, email, created_at) VALUES (1, 'James', 'Clark', 'james.clark@email.com', '2020-05-18');
INSERT INTO clients (region_id, name, last_name, email, created_at) VALUES (8, 'Linda', 'Young', 'linda.young@server.net', '2016-08-26');
INSERT INTO clients (region_id, name, last_name, email, created_at) VALUES (5, 'Richard', 'Moore', 'richard.moore@mail.net', '2018-04-02');
INSERT INTO clients (region_id, name, last_name, email, created_at) VALUES (5, 'Patricia', 'Martin', 'patricia.martin@website.com', '2017-10-07');
INSERT INTO clients (region_id, name, last_name, email, created_at) VALUES (5, 'Charles', 'Thompson', 'charles.thompson@webmail.org', '2019-03-24');
INSERT INTO clients (region_id, name, last_name, email, created_at) VALUES (5, 'Elizabeth', 'Walker', 'elizabeth.walker@home.com', '2017-07-14');
INSERT INTO clients (region_id, name, last_name, email, created_at) VALUES (5, 'Joseph', 'Perez', 'joseph.perez@example.net', '2018-11-29');
INSERT INTO clients (region_id, name, last_name, email, created_at) VALUES (5, 'Mary', 'Hall', 'mary.hall@mail.org', '2016-05-09');
INSERT INTO clients (region_id, name, last_name, email, created_at) VALUES (5, 'Thomas', 'Gonzalez', 'thomas.gonzalez@site.com', '2019-07-19');
INSERT INTO clients (region_id, name, last_name, email, created_at) VALUES (5, 'Nancy', 'Rodriguez', 'nancy.rodriguez@email.net', '2017-02-26');
INSERT INTO clients (region_id, name, last_name, email, created_at) VALUES (5, 'Daniel', 'Adams', 'daniel.adams@mail.com', '2018-10-11');
INSERT INTO clients (region_id, name, last_name, email, created_at) VALUES (5, 'Susan', 'Carter', 'susan.carter@webmail.net', '2016-06-02');
INSERT INTO clients (region_id, name, last_name, email, created_at) VALUES (5, 'Paul', 'Baker', 'paul.baker@example.net', '2019-09-27');
INSERT INTO clients (region_id, name, last_name, email, created_at) VALUES (5, 'Lisa', 'Rivera', 'lisa.rivera@domain.com', '2017-04-15');
INSERT INTO clients (region_id, name, last_name, email, created_at) VALUES (5, 'Kenneth', 'Ward', 'kenneth.ward@mail.com', '2018-03-08');
INSERT INTO clients (region_id, name, last_name, email, created_at) VALUES (5, 'Margaret', 'Turner', 'margaret.turner@site.org', '2016-09-21');
INSERT INTO clients (region_id, name, last_name, email, created_at) VALUES (5, 'Steven', 'Morris', 'steven.morris@home.com', '2017-12-06');
INSERT INTO clients (region_id, name, last_name, email, created_at) VALUES (5, 'Jessica', 'Evans', 'jessica.evans@email.com', '2019-06-13');
INSERT INTO clients (region_id, name, last_name, email, created_at) VALUES (5, 'Matthew', 'Nelson', 'matthew.nelson@domain.org', '2018-02-03');
INSERT INTO clients (region_id, name, last_name, email, created_at) VALUES (5, 'Karen', 'Cook', 'karen.cook@server.net', '2016-08-09');
INSERT INTO clients (region_id, name, last_name, email, created_at) VALUES (5, 'Gary', 'Scott', 'gary.scott@webmail.com', '2017-05-27');
INSERT INTO clients (region_id, name, last_name, email, created_at) VALUES (5, 'Cynthia', 'Murphy', 'cynthia.murphy@mail.com', '2018-10-20');
INSERT INTO clients (region_id, name, last_name, email, created_at) VALUES (5, 'Ronald', 'Rogers', 'ronald.rogers@website.org', '2016-04-04');
INSERT INTO clients (region_id, name, last_name, email, created_at) VALUES (5, 'Betty', 'Hill', 'betty.hill@example.net', '2019-01-28');

